[
    {
        "url": "https://youtu.be/LtrB_8CejUA",
        "name": "Tin hoc lop 10",
        "content": "Yunomi - ジェリーフィッシュ (feat. ローラーガール)"
    },
    {
        "url": "https://www.youtube.com/watch?v=vvmFvoyXPyE",
        "name": "Vài Giây Nữa Thôi",
        "content": "Vài Giây Nữa Thôi - Reddy | MV Lyrics HD"
    },
    {
        "url": "https://youtu.be/LtrB_8CejUA",
        "name": "Yunomi 1",
        "content": "Yunomi - ジェリーフィッシュ (feat. ローラーガール)"
    },
    {
        "url": "https://youtu.be/LtrB_8CejUA",
        "name": "Yunomi 2",
        "content": "Yunomi - ジェリーフィッシュ (feat. ローラーガール)"
    },
    {
        "url": "https://youtu.be/LtrB_8CejUA",
        "name": "Yunomi 3",
        "content": "Yunomi - ジェリーフィッシュ (feat. ローラーガール)"
    },
    {
        "url": "https://www.youtube.com/watch?v=IpniN1Wq68Y",
        "name": "24H",
        "author": "| LYLY ft MAGAZINE",
        "content": "24H | OFFICIAL MUSIC VIDEO | LYLY ft MAGAZINE"
    },
    {
        "url": "https://www.youtube.com/watch?v=cUmpJ2zwfVU",
        "name": "SUÝT NỮA THÌ",
        "author": "Andiez",
        "content": "Suýt nữa thì | chuyến đi của thanh xuân | andiez x biti's hunter"
    },
    {
        "url": "https://www.youtube.com/watch?v=vvmFvoyXPyE",
        "name": "Vài Giây Nữa Thôi",
        "author": "Reddy",
        "content": "Vài Giây Nữa Thôi - Reddy | MV Lyrics HD"
    },
    {
        "url": "https://youtu.be/LtrB_8CejUA",
        "name": "Yunomi 5",
        "content": "Yunomi - ジェリーフィッシュ (feat. ローラーガール)"
    }
]