[
    {
        "url": "https://youtu.be/LtrB_8CejUA",
        "name" : "Yunomi - ジェリーフィッシュ (feat. ローラーガール)",
        "content": "Yunomi - ジェリーフィッシュ (feat. ローラーガール)"
    },
    {
        "url": "https://www.youtube.com/watch?v=vvmFvoyXPyE",
        "name" : "Vài Giây Nữa Thôi | Reddy ",
        "content": "Vài Giây Nữa Thôi - Reddy | MV Lyrics HD"
    },
    {
        "url": "https://youtu.be/LtrB_8CejUA",
        "name" : "Yunomi - ジェリーフィッシュ (feat. ローラーガール)",
        "content": "Yunomi - ジェリーフィッシュ (feat. ローラーガール)"
    },
    {
        "url": "https://youtu.be/LtrB_8CejUA",
        "name" : "Yunomi - ジェリーフィッシュ (feat. ローラーガール)",
        "content": "Yunomi - ジェリーフィッシュ (feat. ローラーガール)"
    },
    {
        "url": "https://youtu.be/LtrB_8CejUA",
        "name" : "Yunomi - ジェリーフィッシュ (feat. ローラーガール)",
        "content": "Yunomi - ジェリーフィッシュ (feat. ローラーガール)"
    },
    {
        "url": "https://www.youtube.com/watch?v=IpniN1Wq68Y",
        "name" : "24H | LYLY ft MAGAZINE",
        "content": "24H | OFFICIAL MUSIC VIDEO | LYLY ft MAGAZINE"
    },
    {
        "url": "https://www.youtube.com/watch?v=cUmpJ2zwfVU",
        "name" : "SUÝT NỮA THÌ | ANDIEZ",
        "content": "Suýt nữa thì | chuyến đi của thanh xuân | andiez x biti's hunter"
    },
    {
        "url": "https://www.youtube.com/watch?v=vvmFvoyXPyE",
        "name" : "Vài Giây Nữa Thôi | Reddy ",
        "content": "Vài Giây Nữa Thôi - Reddy | MV Lyrics HD"
    },
    {
        "url": "https://youtu.be/LtrB_8CejUA",
        "name" : "Yunomi - ジェリーフィッシュ",
        "content": "Yunomi - ジェリーフィッシュ (feat. ローラーガール)"
    }
]